{"mean":{"confidence_interval":{"confidence_level":0.95,"lower_bound":2137019.2606136356,"upper_bound":2148853.239181818},"point_estimate":2142836.9545454546,"standard_error":3016.902218269839},"median":{"confidence_interval":{"confidence_level":0.95,"lower_bound":2135266.090909091,"upper_bound":2145966.3636363638},"point_estimate":2140125.3181818184,"standard_error":2476.6892257031527},"median_abs_dev":{"confidence_interval":{"confidence_level":0.95,"lower_bound":23789.529614014966,"upper_bound":39261.269030246054},"point_estimate":31597.238029945573,"standard_error":3947.0537010403814},"slope":null,"std_dev":{"confidence_interval":{"confidence_level":0.95,"lower_bound":26045.440514559752,"upper_bound":34253.91131794751},"point_estimate":30357.05838122025,"standard_error":2098.1207459976777}}