{"mean":{"confidence_interval":{"confidence_level":0.95,"lower_bound":179376.23190189202,"upper_bound":180975.59564668982},"point_estimate":180151.5725073355,"standard_error":408.0664634243064},"median":{"confidence_interval":{"confidence_level":0.95,"lower_bound":178838.29545454544,"upper_bound":179765.6755319149},"point_estimate":179397.60267857142,"standard_error":266.48145205875846},"median_abs_dev":{"confidence_interval":{"confidence_level":0.95,"lower_bound":1981.1814882430149,"upper_bound":3754.3856339479166},"point_estimate":3131.0528466627097,"standard_error":430.4293294474321},"slope":{"confidence_interval":{"confidence_level":0.95,"lower_bound":179035.93528806925,"upper_bound":180817.33242763393},"point_estimate":179850.91015073148,"standard_error":456.5712726386372},"std_dev":{"confidence_interval":{"confidence_level":0.95,"lower_bound":3172.118749925363,"upper_bound":4963.779900673714},"point_estimate":4109.441775813346,"standard_error":458.97909371794174}}