{"mean":{"confidence_interval":{"confidence_level":0.95,"lower_bound":504880.68149611296,"upper_bound":520780.7373961203},"point_estimate":512386.01903943834,"standard_error":4065.286483009355},"median":{"confidence_interval":{"confidence_level":0.95,"lower_bound":496774.21875,"upper_bound":506272.3713638936},"point_estimate":501373.9590277778,"standard_error":2364.9932636914905},"median_abs_dev":{"confidence_interval":{"confidence_level":0.95,"lower_bound":13785.759815658164,"upper_bound":26930.092822254137},"point_estimate":17945.257459746517,"standard_error":3381.2683447996237},"slope":{"confidence_interval":{"confidence_level":0.95,"lower_bound":499036.4521246443,"upper_bound":510672.5275399131},"point_estimate":504624.9841717157,"standard_error":2956.026324562466},"std_dev":{"confidence_interval":{"confidence_level":0.95,"lower_bound":29335.487599830405,"upper_bound":50728.93486685859},"point_estimate":40874.641939769346,"standard_error":5472.678975789293}}