{"mean":{"confidence_interval":{"confidence_level":0.95,"lower_bound":186.87785122858648,"upper_bound":192.8146090007816},"point_estimate":189.48887705800294,"standard_error":1.526477849867707},"median":{"confidence_interval":{"confidence_level":0.95,"lower_bound":184.9491667624411,"upper_bound":185.09541751617274},"point_estimate":185.02216903737747,"standard_error":0.03619196414034176},"median_abs_dev":{"confidence_interval":{"confidence_level":0.95,"lower_bound":0.23106626145701142,"upper_bound":0.4650377785103378},"point_estimate":0.3474491982330603,"standard_error":0.059280593600288096},"slope":{"confidence_interval":{"confidence_level":0.95,"lower_bound":184.95942057688615,"upper_bound":185.49798712916976},"point_estimate":185.18453159772457,"standard_error":0.13818199733423067},"std_dev":{"confidence_interval":{"confidence_level":0.95,"lower_bound":6.759076984346646,"upper_bound":22.47874482893498},"point_estimate":15.30110977608622,"standard_error":4.096656193373732}}