{"mean":{"confidence_interval":{"confidence_level":0.95,"lower_bound":201.25114960619686,"upper_bound":213.85643067206163},"point_estimate":207.2379349098548,"standard_error":3.2185184698794496},"median":{"confidence_interval":{"confidence_level":0.95,"lower_bound":191.88512194523506,"upper_bound":202.16299296242198},"point_estimate":194.7610902150351,"standard_error":3.1522155215842393},"median_abs_dev":{"confidence_interval":{"confidence_level":0.95,"lower_bound":16.257685173305987,"upper_bound":30.24600978854539},"point_estimate":21.483452124235818,"standard_error":3.7634480266122},"slope":{"confidence_interval":{"confidence_level":0.95,"lower_bound":210.05541187737484,"upper_bound":229.34924792453575},"point_estimate":219.1798154635045,"standard_error":4.924661537266967},"std_dev":{"confidence_interval":{"confidence_level":0.95,"lower_bound":23.833065136290116,"upper_bound":40.52430545302133},"point_estimate":32.4509167096213,"standard_error":4.2920429409926175}}