{"mean":{"confidence_interval":{"confidence_level":0.95,"lower_bound":90419961.32275,"upper_bound":91890095.15675},"point_estimate":91148888.85,"standard_error":374579.34135944274},"median":{"confidence_interval":{"confidence_level":0.95,"lower_bound":89750242.0,"upper_bound":91725066.0},"point_estimate":90603419.5,"standard_error":471835.78852198005},"median_abs_dev":{"confidence_interval":{"confidence_level":0.95,"lower_bound":2679623.0230271816,"upper_bound":4786590.323621035},"point_estimate":3721447.5071310997,"standard_error":552569.3273924881},"slope":null,"std_dev":{"confidence_interval":{"confidence_level":0.95,"lower_bound":3289182.2662546113,"upper_bound":4195671.2117460575},"point_estimate":3773319.156911804,"standard_error":230374.84078185778}}