{"mean":{"confidence_interval":{"confidence_level":0.95,"lower_bound":60772181.277,"upper_bound":61485943.6125},"point_estimate":61097160.6,"standard_error":182414.41508255823},"median":{"confidence_interval":{"confidence_level":0.95,"lower_bound":60590573.0,"upper_bound":61042415.0},"point_estimate":60785919.0,"standard_error":118832.61953067557},"median_abs_dev":{"confidence_interval":{"confidence_level":0.95,"lower_bound":829425.3400922568,"upper_bound":1371625.5309312784},"point_estimate":1099800.0734746456,"standard_error":140111.15143943008},"slope":null,"std_dev":{"confidence_interval":{"confidence_level":0.95,"lower_bound":1093454.0398111618,"upper_bound":2642257.7833712925},"point_estimate":1838093.3556775947,"standard_error":447940.8125517439}}