{"mean":{"confidence_interval":{"confidence_level":0.95,"lower_bound":89050291.55,"upper_bound":89970405.84275},"point_estimate":89506321.67,"standard_error":234878.1978284716},"median":{"confidence_interval":{"confidence_level":0.95,"lower_bound":88968741.5,"upper_bound":90074674.5},"point_estimate":89504055.5,"standard_error":278882.8043724755},"median_abs_dev":{"confidence_interval":{"confidence_level":0.95,"lower_bound":1848068.2801902294,"upper_bound":2964260.961196344},"point_estimate":2433925.814089179,"standard_error":284144.03691742296},"slope":null,"std_dev":{"confidence_interval":{"confidence_level":0.95,"lower_bound":1964916.0943636242,"upper_bound":2783886.734539994},"point_estimate":2358464.367113813,"standard_error":212434.84586054774}}