{"mean":{"confidence_interval":{"confidence_level":0.95,"lower_bound":557315.752473446,"upper_bound":563572.9718840419},"point_estimate":560402.5027850176,"standard_error":1593.4429798259857},"median":{"confidence_interval":{"confidence_level":0.95,"lower_bound":558233.756097561,"upper_bound":563667.0},"point_estimate":561059.945289542,"standard_error":1372.7469534100549},"median_abs_dev":{"confidence_interval":{"confidence_level":0.95,"lower_bound":9583.484998358143,"upper_bound":14945.085219083481},"point_estimate":12937.947797205428,"standard_error":1441.7938404563515},"slope":{"confidence_interval":{"confidence_level":0.95,"lower_bound":561620.4664936196,"upper_bound":566956.2081017813},"point_estimate":564168.9265523866,"standard_error":1363.2557290991597},"std_dev":{"confidence_interval":{"confidence_level":0.95,"lower_bound":12672.216280090128,"upper_bound":19389.200943375447},"point_estimate":16031.368756929916,"standard_error":1728.629078577571}}