{"mean":{"confidence_interval":{"confidence_level":0.95,"lower_bound":93264465.74,"upper_bound":93902529.47025},"point_estimate":93577150.13,"standard_error":162756.4165402953},"median":{"confidence_interval":{"confidence_level":0.95,"lower_bound":92974777.5,"upper_bound":93613352.0},"point_estimate":93151847.0,"standard_error":163874.3095974577},"median_abs_dev":{"confidence_interval":{"confidence_level":0.95,"lower_bound":1157382.7738523483,"upper_bound":2012925.2429634333},"point_estimate":1576346.2526142597,"standard_error":204645.5205485339},"slope":null,"std_dev":{"confidence_interval":{"confidence_level":0.95,"lower_bound":1368456.1252304618,"upper_bound":1865453.4895606271},"point_estimate":1635029.0331483576,"standard_error":127317.936278315}}