{"mean":{"confidence_interval":{"confidence_level":0.95,"lower_bound":871730.7911500002,"upper_bound":885295.3534000003},"point_estimate":878195.5330000002,"standard_error":3477.5918137616177},"median":{"confidence_interval":{"confidence_level":0.95,"lower_bound":863637.3,"upper_bound":877865.5},"point_estimate":870742.85,"standard_error":3535.148335143275},"median_abs_dev":{"confidence_interval":{"confidence_level":0.95,"lower_bound":17016.39293789867,"upper_bound":31789.019075632044},"point_estimate":23314.700016081315,"standard_error":3879.7888045347745},"slope":null,"std_dev":{"confidence_interval":{"confidence_level":0.95,"lower_bound":25860.722365322115,"upper_bound":44229.29062134467},"point_estimate":34869.26624810484,"standard_error":4770.715644725742}}