{"mean":{"confidence_interval":{"confidence_level":0.95,"lower_bound":1727.071532982836,"upper_bound":1747.2478308038208},"point_estimate":1736.4570994040298,"standard_error":5.176438347321695},"median":{"confidence_interval":{"confidence_level":0.95,"lower_bound":1714.1554327808471,"upper_bound":1733.8535390388824},"point_estimate":1719.9143246056528,"standard_error":4.949012766511858},"median_abs_dev":{"confidence_interval":{"confidence_level":0.95,"lower_bound":25.598718498692655,"upper_bound":44.61184703452166},"point_estimate":34.50587913983893,"standard_error":4.754252245184656},"slope":{"confidence_interval":{"confidence_level":0.95,"lower_bound":1726.49980405679,"upper_bound":1757.3159436143894},"point_estimate":1740.913947112531,"standard_error":7.8668869217626805},"std_dev":{"confidence_interval":{"confidence_level":0.95,"lower_bound":34.73047401601438,"upper_bound":70.73493731828538},"point_estimate":52.15758248829184,"standard_error":9.709293107546932}}