{"mean":{"confidence_interval":{"confidence_level":0.95,"lower_bound":36874160.31525,"upper_bound":37540294.857},"point_estimate":37201072.84,"standard_error":170013.19468123923},"median":{"confidence_interval":{"confidence_level":0.95,"lower_bound":36769493.5,"upper_bound":37435663.0},"point_estimate":37012502.0,"standard_error":176579.95369695124},"median_abs_dev":{"confidence_interval":{"confidence_level":0.95,"lower_bound":1123672.8982508183,"upper_bound":2086136.029663682},"point_estimate":1622619.6803927422,"standard_error":254509.32899992447},"slope":null,"std_dev":{"confidence_interval":{"confidence_level":0.95,"lower_bound":1404864.4602935638,"upper_bound":2022832.710370105},"point_estimate":1708181.0381393544,"standard_error":159661.8914641472}}