{"mean":{"confidence_interval":{"confidence_level":0.95,"lower_bound":21068631.094249997,"upper_bound":21237772.861333337},"point_estimate":21152384.950000003,"standard_error":43150.914223494765},"median":{"confidence_interval":{"confidence_level":0.95,"lower_bound":21028216.333333332,"upper_bound":21193898.333333332},"point_estimate":21124182.833333332,"standard_error":37086.04939078937},"median_abs_dev":{"confidence_interval":{"confidence_level":0.95,"lower_bound":269796.3773101559,"upper_bound":437470.7742333412},"point_estimate":361961.2162739011,"standard_error":41594.05157230238},"slope":null,"std_dev":{"confidence_interval":{"confidence_level":0.95,"lower_bound":354824.8882766647,"upper_bound":509308.2473976728},"point_estimate":435836.87871773075,"standard_error":39677.17352753921}}