{"mean":{"confidence_interval":{"confidence_level":0.95,"lower_bound":1437514.0817500001,"upper_bound":1491228.6330000001},"point_estimate":1463824.64,"standard_error":13712.964535610836},"median":{"confidence_interval":{"confidence_level":0.95,"lower_bound":1390050.0,"upper_bound":1466214.0},"point_estimate":1425860.5,"standard_error":17426.699140581164},"median_abs_dev":{"confidence_interval":{"confidence_level":0.95,"lower_bound":89005.66551983356,"upper_bound":174103.9388090372},"point_estimate":129076.63630843163,"standard_error":22805.09185134847},"slope":null,"std_dev":{"confidence_interval":{"confidence_level":0.95,"lower_bound":117804.75986674592,"upper_bound":154826.70670777795},"point_estimate":137309.6785354385,"standard_error":9455.683317766505}}